,index,num_series
0,32137,2141
1,33131,1563
2,34747,1488
3,78245,1390
4,34759,1333
5,33132,1328
6,33137,1308
7,78253,1282
8,78254,1238
9,33130,1170
10,34746,1150
11,33160,1108
12,32164,1107
13,33133,1068
14,33308,1027
15,33178,1007
16,33141,988
17,77845,963
18,33140,957
19,33304,955
20,33319,928
21,77008,900
22,33301,890
23,33955,888
24,77007,873
25,33981,855
26,33154,850
27,32218,841
28,32259,833
29,33139,813
30,77024,805
31,33647,771
32,32256,768
33,33974,757
34,33180,739
35,33947,720
36,33311,700
37,77004,692
38,33179,688
39,78260,686
40,28278,679
41,34135,670
42,33156,667
43,77055,664
44,77057,663
45,77009,662
46,32210,655
47,77018,648
48,33312,640
49,33019,625
50,33129,624
51,37209,622
52,78209,618
53,28078,617
54,33946,606
55,33313,603
56,33953,603
57,33954,603
58,79928,600
59,28205,595
60,78255,595
61,33972,594
62,33134,590
63,34758,587
64,34744,584
65,75219,575
66,33316,574
67,33138,574
68,77019,572
69,33321,569
70,79938,569
71,33149,569
72,77056,569
73,27703,567
74,75230,557
75,78261,556
76,77080,552
77,20002,550
78,33952,549
79,33157,549
80,77327,546
81,33322,536
82,33983,536
83,78258,529
84,33950,528
85,78738,525
86,33917,520
87,33143,520
88,44102,519
89,34481,517
90,33706,515
91,75206,515
92,76107,515
93,33971,512
94,77096,511
95,78244,503
96,34223,499
97,33982,492
98,76179,491
99,77044,490
100,75071,487
101,11201,487
102,34224,486
103,77077,485
104,34473,484
105,34472,482
106,20011,481
107,77407,479
108,32413,474
109,33708,472
110,33707,465
111,28215,462
112,37205,459
113,77079,459
114,37042,458
115,32208,456
116,11235,453
117,28277,451
118,76131,448
119,60611,446
120,33181,444
121,77025,440
122,33305,437
123,77084,437
124,77043,436
125,32824,434
126,75204,434
127,37221,433
128,32205,432
129,78737,432
130,28115,432
131,32209,430
132,77088,430
133,11234,430
134,34476,429
135,78045,428
136,37013,428
137,78252,427
138,77083,426
139,78734,425
140,77006,425
141,75208,424
142,37215,423
143,33914,423
144,33186,422
145,32207,420
146,33018,420
147,75209,419
148,33629,419
149,76126,414
150,32404,414
151,32836,413
152,77027,412
153,28269,411
154,77026,404
155,32827,403
156,28227,402
157,60014,401
158,32909,398
159,34741,397
160,32222,396
161,33176,396
162,33611,395
163,33610,394
164,89521,394
165,32244,394
166,32250,393
167,37405,393
168,92618,393
169,32832,392
170,37043,392
171,32226,392
172,80204,392
173,32408,391
174,78210,391
175,77021,391
176,33715,391
177,32224,387
178,33604,387
179,28226,387
180,10021,387
181,19146,386
182,44113,385
183,33615,384
184,33703,384
185,33324,383
186,37363,383
187,20019,382
188,20001,380
189,77091,378
190,34482,378
191,10023,378
192,28210,378
193,37211,376
194,33015,374
195,20009,374
196,77005,371
197,77406,370
198,33334,369
199,77042,369
200,32225,368
201,33145,366
202,32819,366
203,77035,366
204,33155,366
205,78046,365
206,33702,363
207,37208,363
208,60614,362
209,10011,362
210,32828,362
211,33401,361
212,76123,361
213,76108,358
214,20020,353
215,28214,352
216,44124,351
217,33142,351
218,75229,350
219,28216,349
220,78247,349
221,76244,349
222,30528,348
223,10022,348
224,37421,347
225,11229,347
226,78223,346
227,34134,346
228,33161,345
229,44121,344
230,33162,344
231,44120,343
232,30331,343
233,10019,343
234,28211,340
235,33317,340
236,77386,340
237,78504,340
238,75070,340
239,33125,339
240,44107,337
241,77573,337
242,28625,336
243,33705,335
244,37343,335
245,44125,334
246,32822,332
247,32211,332
248,32507,331
249,33701,331
250,27614,331
251,77339,331
252,32835,330
253,33177,329
254,33309,328
255,11209,327
256,78233,327
257,33331,326
258,80602,326
259,75214,325
260,75205,325
261,28411,322
262,89511,322
263,32833,322
264,44105,322
265,30318,320
266,75228,319
267,33147,318
268,77840,317
269,33712,316
270,34609,315
271,77069,315
272,10065,315
273,33325,314
274,33127,314
275,10014,313
276,78704,313
277,85340,312
278,34953,311
279,37206,310
280,10013,310
281,43130,308
282,11215,308
283,90069,307
284,75216,305
285,10003,305
286,32461,304
287,37207,304
288,33169,304
289,33027,303
290,78222,302
291,77095,302
292,33713,301
293,28104,301
294,33166,301
295,77063,300
296,30349,299
297,37128,298
298,43147,298
299,77584,297
300,33196,296
301,78257,295
302,11214,295
303,33904,295
304,10016,294
305,75248,293
306,44109,291
307,90046,290
308,33980,290
309,34748,290
310,77082,289
311,37379,289
312,78212,287
313,33710,286
314,34480,286
315,76114,285
316,32808,282
317,75225,282
318,10024,281
319,44128,281
320,33709,280
321,33976,280
322,10028,278
323,32821,278
324,28546,278
325,78230,277
326,33936,276
327,77354,275
328,78250,275
329,34432,275
330,33185,275
331,33315,274
332,32258,274
333,32246,274
334,60142,273
335,75243,273
336,32825,273
337,76109,272
338,33076,272
339,33012,272
340,27713,272
341,77022,272
342,27603,272
343,77070,272
344,33146,271
345,33625,271
346,78220,270
347,27028,270
348,33619,270
349,32216,270
350,33948,270
351,78665,270
352,37664,270
353,33617,269
354,78242,269
355,28208,268
356,77054,267
357,20010,267
358,28540,267
359,30328,266
360,77375,266
361,33704,266
362,33062,264
363,78202,264
364,27610,263
365,77003,263
366,33351,263
367,10128,263
368,34613,262
369,98682,261
370,76104,261
371,33605,261
372,92037,260
373,33327,260
374,44122,259
375,27519,259
376,33187,259
377,28601,259
378,11221,259
379,78249,258
380,98103,258
381,48205,258
382,77051,258
383,37415,257
384,77036,257
385,97229,257
386,19147,257
387,78221,257
388,32837,256
389,60657,256
390,32257,256
391,32738,255
392,30327,255
393,32217,255
394,98118,253
395,98110,251
396,11375,250
397,27707,249
398,44130,249
399,33165,249
400,77389,248
401,33711,248
402,77033,248
403,33150,247
404,78745,247
405,20007,247
406,60628,247
407,32206,247
408,37216,246
409,32219,246
410,98198,246
411,46203,245
412,78201,245
413,08701,245
414,32223,244
415,60098,244
416,75218,243
417,33016,243
418,44118,243
419,78218,242
420,37312,241
421,33603,239
422,76116,239
423,33624,239
424,27104,238
425,32806,238
426,77028,238
427,33326,238
428,60610,237
429,44139,237
430,33314,237
431,27701,236
432,32221,236
433,89135,236
434,11230,236
435,48224,236
436,33175,235
437,32818,234
438,37660,234
439,89506,234
440,11236,234
441,43110,233
442,33330,233
443,79705,232
444,33609,232
445,89121,231
446,33612,231
447,32407,230
448,11354,230
449,33323,230
450,32801,230
451,89148,229
452,33993,229
453,30305,229
454,32907,228
455,60619,228
456,85308,228
457,33021,227
458,11207,227
459,33618,227
460,37129,227
461,20018,226
462,77098,226
463,20016,225
464,77020,225
465,33170,223
466,48238,223
467,77016,223
468,28804,223
469,77059,223
470,34952,222
471,78239,221
472,78251,221
473,28025,221
474,28105,220
475,32725,220
476,48227,219
477,44111,219
478,89123,219
479,77089,219
480,32803,219
481,33172,219
482,30316,219
483,77030,218
484,33183,218
485,33614,218
486,11238,218
487,76542,217
488,33328,217
489,89141,217
490,75231,217
491,38127,217
492,32233,217
493,77336,216
494,32804,216
495,92101,215
496,89117,215
497,94533,215
498,28270,215
499,79912,214
500,33020,214
501,76137,214
502,11228,213
503,37138,213
504,37027,213
505,28027,213
506,28409,212
507,44138,212
508,98102,212
509,30309,212
510,33332,211
511,37076,211
512,80229,211
513,78232,210
514,34607,210
515,78702,208
516,33407,208
517,11220,208
518,93727,208
519,32908,208
520,75212,208
521,30315,207
522,38109,206
523,78228,206
524,34743,206
525,78701,206
526,33189,206
527,20008,205
528,89509,205
529,37040,205
530,30310,205
531,89149,205
532,28677,205
533,30319,204
534,19148,203
535,34608,203
536,80221,202
537,37377,202
538,60647,202
539,89110,202
540,33606,202
541,80022,202
542,77092,202
543,99208,201
544,77328,201
545,98121,201
546,33126,201
547,33025,201
548,33767,201
549,27105,201
550,89103,200
551,33607,200
552,46201,200
553,43062,200
554,11204,199
555,19121,199
556,98178,199
557,78213,199
558,89131,199
559,11208,199
560,10017,199
561,60620,198
562,33055,198
563,44134,198
564,34420,198
565,76110,198
566,48206,197
567,48228,197
568,98106,197
569,11210,197
570,10025,197
571,19103,196
572,28209,196
573,28306,196
574,28202,196
575,34986,195
576,33626,195
577,34470,195
578,44137,195
579,79707,194
580,33602,192
581,60618,192
582,30342,191
583,78237,191
584,44106,191
585,38117,191
586,10010,190
587,80211,190
588,89523,190
589,20003,190
590,33613,190
591,75234,189
592,32811,189
593,98144,189
594,78259,189
595,37214,189
596,11223,188
597,77023,188
598,75605,187
599,77382,187
600,98133,187
601,75220,187
602,60617,187
603,37416,187
604,28803,187
605,37218,187
606,11203,187
607,33714,186
608,33109,185
609,78240,185
610,32810,185
611,11211,184
612,78520,184
613,78744,184
614,37115,184
615,75215,184
616,33511,183
617,28273,183
618,89113,183
619,27615,183
620,44116,182
621,76133,182
622,30324,182
623,98115,181
624,89178,181
625,28806,181
626,10314,181
627,37922,180
628,32405,180
629,28314,179
630,80227,179
631,76177,179
632,89139,179
633,79932,179
634,93722,178
635,32254,178
636,75227,178
637,33801,178
638,77048,178
639,32277,178
640,90065,177
641,28412,177
642,10075,177
643,89108,176
644,75252,176
645,75201,176
646,78503,175
647,34788,175
648,76052,175
649,33810,175
650,77066,175
651,78721,175
652,33054,174
653,33616,174
654,32812,174
655,98155,174
656,19145,174
657,34491,174
658,37130,174
659,45202,173
660,11218,173
661,33065,173
662,60622,173
663,44135,172
664,79706,172
665,33135,172
666,37615,172
667,98122,172
668,77068,172
669,32839,171
670,89129,171
671,78748,170
672,32409,170
673,34471,170
674,89109,169
675,77034,169
676,98908,169
677,32608,169
678,60156,169
679,98126,169
680,89147,168
681,60643,168
682,78526,168
683,98042,168
684,19132,168
685,80123,168
686,53209,168
687,27613,168
688,77045,168
689,48204,167
690,19125,167
691,32179,167
692,78501,167
693,90068,167
694,76112,167
695,92648,166
696,33029,166
697,37323,165
698,33024,165
699,44108,165
700,75604,164
701,77072,164
702,11357,164
703,38111,164
704,27616,164
705,90210,164
706,32526,164
707,27455,163
708,32303,163
709,27106,163
710,10002,163
711,48221,162
712,97219,162
713,27107,162
714,94539,162
715,94534,162
716,60613,161
717,95687,161
718,37210,161
719,78217,161
720,37217,160
721,20037,159
722,34475,159
723,78746,159
724,75217,159
725,37203,159
726,34606,159
727,10027,158
728,98108,158
729,97086,158
730,78731,158
731,89122,158
732,90042,158
733,98125,157
734,27704,157
735,11226,157
736,78216,157
737,89115,156
738,85345,156
739,80012,156
740,37341,156
741,98168,156
742,77071,156
743,27705,155
744,89138,155
745,99337,155
746,38128,154
747,90026,154
748,75211,154
749,78256,154
750,78703,154
751,37601,154
752,37212,153
753,92620,153
754,90019,153
755,11233,152
756,76549,152
757,77041,152
758,75287,152
759,33991,152
760,77803,152
761,28387,152
762,78248,152
763,10463,151
764,78227,151
765,11355,151
766,8701,150
767,90032,150
768,32820,150
769,60634,150
770,76207,150
771,32312,150
772,19134,150
773,28405,149
774,98117,149
775,75069,149
776,19122,149
777,76182,149
778,48234,149
779,46202,149
780,33023,149
781,85382,148
782,98112,148
783,33069,148
784,37204,148
785,98270,148
786,10312,148
787,98109,147
788,75238,147
789,10012,146
790,98101,146
791,53217,146
792,19123,146
793,60605,146
794,33813,146
795,77385,146
796,75241,145
797,10001,145
798,60654,145
799,46218,145
800,98226,145
801,80023,144
802,10036,144
803,76135,144
804,46205,144
805,37404,144
806,28304,144
807,77058,143
808,77040,143
809,78723,143
810,17320,143
811,27265,143
812,98119,143
813,38104,143
814,77073,143
815,27712,143
816,77384,142
817,79927,142
818,77093,142
819,27612,142
820,98004,141
821,28203,141
822,48203,141
823,92612,141
824,79936,141
825,76102,140
826,27834,140
827,77047,140
828,27215,140
829,77090,140
830,37932,140
831,77074,140
832,30312,140
833,11217,140
834,10306,139
835,48219,139
836,76548,139
837,32514,139
838,37311,139
839,19128,139
840,78732,139
841,37918,138
842,98058,138
843,53212,138
844,77581,138
845,32805,138
846,33634,138
847,28773,138
848,89128,137
849,77064,137
850,19130,137
851,89134,137
852,78207,137
853,27604,137
854,11374,137
855,11372,137
856,33168,137
857,32401,137
858,33405,136
859,34983,136
860,19143,136
861,44129,136
862,98229,136
863,85383,136
864,75244,136
865,34474,135
866,33635,135
867,89156,135
868,27609,135
869,78521,135
870,11434,135
871,38120,135
872,19124,135
873,37411,135
874,33013,134
875,30339,134
876,46239,134
877,80220,134
878,28311,134
879,75224,133
880,11368,133
881,33909,133
882,34488,133
883,33990,133
884,76132,133
885,77002,133
886,44110,133
887,60638,132
888,60621,132
889,11216,132
890,80228,132
891,30344,131
892,80205,131
893,98146,131
894,75232,131
895,98404,131
896,20815,131
897,30314,130
898,11231,130
899,10301,130
900,80401,130
901,27858,130
902,30306,130
903,11356,130
904,28213,129
905,78266,129
906,44112,128
907,28052,128
908,89502,128
909,60637,128
910,99336,128
911,98686,128
912,99224,128
913,46208,128
914,33144,128
915,78264,128
916,11224,128
917,75063,128
918,78041,127
919,32668,127
920,77380,127
921,85301,127
922,77075,127
923,33193,127
924,92127,127
925,91342,127
926,30341,127
927,28212,127
928,76708,127
929,30308,126
930,11222,126
931,34269,126
932,33764,125
933,10305,125
934,33637,125
935,33060,125
936,19106,125
937,97209,125
938,48214,125
939,27606,125
940,46220,124
941,38114,124
942,60629,124
943,89107,124
944,78747,124
945,48223,124
946,10304,124
947,77713,123
948,60616,123
949,32234,123
950,89166,123
951,11377,123
952,92805,123
953,11373,123
954,38118,123
955,77062,123
956,46237,123
957,37072,122
958,98166,121
959,77049,121
960,33756,121
961,89044,121
962,76180,121
963,92649,121
964,78229,121
965,80206,121
966,60615,121
967,47201,121
968,10469,120
969,27617,120
970,27406,120
971,85326,120
972,76105,120
973,32503,120
974,60636,120
975,13905,120
976,28207,120
977,37075,119
978,80203,119
979,30311,119
980,60660,119
981,37406,119
982,85037,119
983,33306,119
984,33803,119
985,75203,118
986,11412,118
987,77015,118
988,28805,118
989,90015,118
990,37604,118
991,97217,118
992,94605,117
993,33184,117
994,98116,117
995,33071,117
996,10038,116
997,37127,116
998,77705,116
999,98208,116
1000,28303,116
1001,98199,116
1002,98006,115
1003,60601,115
1004,93711,115
1005,48236,115
1006,78204,115
1007,77061,115
1008,10007,114
1009,38106,114
1010,48207,114
1011,75043,114
1012,38103,114
1013,19131,114
1014,94538,114
1015,76119,114
1016,37122,114
1017,93730,113
1018,92646,113
1019,98104,113
1020,91604,113
1021,90077,113
1022,99338,113
1023,28401,113
1024,33884,113
1025,85338,112
1026,11101,112
1027,28056,112
1028,19140,112
1029,80209,112
1030,20032,112
1031,89120,112
1032,11432,112
1033,60641,112
1034,34610,112
1035,30736,112
1036,98177,111
1037,80210,111
1038,10471,111
1039,89118,111
1040,37064,111
1041,37934,111
1042,32829,111
1043,80214,111
1044,28262,111
1045,92602,111
1046,92130,111
1047,48235,111
1048,78724,111
1049,76210,111
1050,98203,111
1051,37920,111
1052,98662,110
1053,98685,110
1054,77381,110
1055,37931,110
1056,11385,110
1057,60625,110
1058,89183,110
1059,92109,110
1060,19144,110
1061,85355,110
1062,77706,110
1063,10466,109
1064,80233,109
1065,32506,109
1066,19139,109
1067,44119,109
1068,33921,109
1069,75052,109
1070,33412,109
1071,89503,109
1072,10026,108
1073,77345,108
1074,28312,108
1075,11219,108
1076,32301,108
1077,98107,108
1078,60609,108
1079,60623,108
1080,37135,108
1081,37419,108
1082,90006,108
1083,85083,107
1084,80226,107
1085,60651,107
1086,19133,107
1087,32220,107
1088,92807,106
1089,84103,106
1090,78735,106
1091,89144,106
1092,77590,106
1093,76502,106
1094,77802,106
1095,95834,106
1096,11205,106
1097,44146,106
1098,43113,106
1099,33763,105
1100,90011,105
1101,20017,105
1102,32826,105
1103,30307,105
1104,37408,105
1105,32807,105
1106,11360,105
1107,98031,105
1108,48202,105
1109,32204,104
1110,43068,104
1111,10005,104
1112,30350,104
1113,98661,104
1114,33056,104
1115,78705,104
1116,24210,104
1117,60608,104
1118,76111,104
1119,97202,104
1120,78219,104
1121,48213,104
1122,85302,104
1123,90049,104
1124,98059,104
1125,89130,103
1126,90018,103
1127,20024,103
1128,27607,103
1129,76120,103
1130,10069,103
1131,33010,103
1132,90004,103
1133,33881,103
1134,97201,103
1135,30317,102
1136,80241,102
1137,98136,102
1138,60640,102
1139,32905,102
1140,89119,102
1141,89104,102
1142,19119,102
1143,33173,102
1144,85381,101
1145,89142,101
1146,76706,101
1147,97206,101
1148,11367,101
1149,32817,101
1150,34479,101
1151,60630,101
1152,92103,101
1153,27410,100
1154,78754,100
1155,60642,100
1156,11435,100
1157,77029,100
1158,77099,100
1159,76712,100
1160,27262,100
1161,75703,99
1162,60624,99
1163,28403,99
1164,37919,99
1165,93720,99
1166,79701,99
1167,19104,99
1168,37917,99
1169,98407,99
1170,28801,99
1171,79911,98
1172,27513,98
1173,60653,98
1174,98903,98
1175,45208,98
1176,92603,98
1177,78725,97
1178,44142,97
1179,92704,97
1180,33811,97
1181,99205,97
1182,44145,97
1183,85335,97
1184,11249,97
1185,60639,97
1186,76208,97
1187,90048,97
1188,11232,96
1189,33014,96
1190,92154,96
1191,11358,96
1192,11364,96
1193,76134,96
1194,89169,95
1195,33067,95
1196,33755,95
1197,78681,95
1198,60607,95
1199,78741,95
1200,11225,95
1201,33809,95
1202,60649,95
1203,76118,94
1204,77014,94
1205,10465,94
1206,60612,94
1207,94591,94
1208,27127,94
1209,92801,94
1210,48837,94
1211,80238,94
1212,95838,94
1213,75254,94
1214,19120,94
1215,19138,94
1216,20036,93
1217,38112,93
1218,99223,93
1219,89145,93
1220,98422,93
1221,60632,93
1222,90024,92
1223,32113,92
1224,44131,92
1225,98105,92
1226,11361,92
1227,98498,92
1228,11369,92
1229,75040,91
1230,75235,91
1231,95125,91
1232,44133,91
1233,49058,91
1234,91364,91
1235,90291,91
1236,78224,91
1237,33973,90
1238,78211,90
1239,37412,90
1240,11421,90
1241,76140,90
1242,11420,90
1243,77094,90
1244,13903,90
1245,44460,89
1246,34987,89
1247,11414,89
1248,91042,89
1249,78203,89
1250,28021,89
1251,89519,89
1252,75038,89
1253,75072,89
1254,27260,89
1255,75602,88
1256,28054,88
1257,75601,88
1258,11413,88
1259,95688,88
1260,99207,88
1261,46219,88
1262,38138,88
1263,98409,88
1264,78757,88
1265,44126,87
1266,33174,87
1267,60644,87
1268,89101,87
1269,80033,87
1270,79109,87
1271,33064,87
1272,75080,87
1273,98012,87
1274,80202,87
1275,94109,87
1276,92703,86
1277,77591,86
1278,95829,86
1279,77065,86
1280,75044,86
1281,28602,86
1282,47448,86
1283,75223,86
1284,60626,86
1285,14701,86
1286,77011,86
1287,97236,86
1288,44104,86
1289,19111,85
1290,90063,85
1291,92128,85
1292,95835,85
1293,78717,85
1294,34604,85
1295,38116,85
1296,20012,84
1297,38018,84
1298,44144,84
1299,27217,84
1300,38119,84
1301,98445,84
1302,76036,84
1303,91206,84
1304,98188,84
1305,99217,84
1306,75048,84
1307,78043,84
1308,94105,84
1309,76262,83
1310,44143,83
1311,90022,83
1312,30338,82
1313,98056,82
1314,75236,82
1315,34288,82
1316,32309,82
1317,94536,82
1318,32607,82
1319,80215,82
1320,94608,82
1321,97224,82
1322,98901,82
1323,84121,82
1324,89508,82
1325,32686,81
1326,77017,81
1327,80219,81
1328,85310,81
1329,33409,81
1330,98902,81
1331,90272,81
1332,27608,81
1333,48212,81
1334,11433,81
1335,11212,81
1336,33167,81
1337,98312,80
1338,77032,80
1339,78753,80
1340,90036,80
1341,48239,80
1342,76705,80
1343,91316,80
1344,2127,80
1345,95818,80
1346,11436,80
1347,11362,80
1348,79934,80
1349,98499,80
1350,34984,79
1351,90027,79
1352,90017,79
1353,38016,79
1354,12206,79
1355,97211,79
1356,80014,79
1357,89102,79
1358,95823,79
1359,76148,78
1360,97230,78
1361,10473,78
1362,91367,78
1363,98032,78
1364,10280,78
1365,32202,78
1366,38122,78
1367,33411,78
1368,46234,78
1369,80465,77
1370,44127,77
1371,84108,77
1372,90039,77
1373,38125,77
1374,13205,77
1375,30354,77
1376,85303,77
1377,10309,76
1378,46240,76
1379,80260,76
1380,19464,76
1381,33136,76
1382,48220,76
1383,48201,76
1384,48846,76
1385,28206,76
1386,44117,76
1387,11379,76
1388,32809,76
1389,32501,76
1390,97239,76
1391,19151,76
1392,85379,76
1393,37938,76
1394,44103,76
1395,46259,75
1396,98387,75
1397,91105,75
1398,11213,75
1399,46227,75
1400,85396,75
1401,27013,75
1402,20743,75
1403,98021,75
1404,77539,75
1405,10029,75
1406,33805,75
1407,45230,75
1408,92118,74
1409,33158,74
1410,27103,74
1411,90037,74
1412,38107,74
1413,76106,74
1414,46236,74
1415,11691,74
1416,32311,74
1417,30741,74
1418,90016,73
1419,78231,73
1420,28301,73
1421,93705,73
1422,33026,73
1423,89106,73
1424,98201,73
1425,98684,73
1426,27405,72
1427,91601,72
1428,13365,72
1429,32308,72
1430,93704,72
1431,98271,72
1432,95822,72
1433,43076,72
1434,28134,72
1435,33761,72
1436,98444,71
1437,12208,71
1438,30506,71
1439,37914,71
1440,98034,71
1441,37086,71
1442,94110,71
1443,90044,71
1444,34287,70
1445,95123,70
1446,78751,70
1447,38135,70
1448,98512,70
1449,77039,70
1450,44114,70
1451,48813,70
1452,60652,70
1453,46241,70
1454,98374,70
1455,80601,70
1456,45255,70
1457,33073,69
1458,95820,69
1459,80247,69
1460,92804,69
1461,43105,69
1462,32305,69
1463,85304,69
1464,84106,69
1465,77078,69
1466,38139,69
1467,10461,69
1468,20814,69
1469,13901,69
1470,98030,68
1471,90031,68
1472,97203,68
1473,89146,68
1474,30326,68
1475,78214,68
1476,45226,68
1477,79424,68
1478,12205,68
1479,60631,68
1480,98033,68
1481,98204,68
1482,45242,68
1483,46226,68
1484,10467,68
1485,75013,68
1486,32310,68
1487,93726,68
1488,91352,67
1489,78739,67
1490,92336,67
1491,91335,67
1492,92614,67
1493,77053,67
1494,45231,67
1495,98516,67
1496,48215,67
1497,90029,67
1498,38115,67
1499,98665,67
1500,76710,67
1501,94621,67
1502,11419,67
1503,46260,66
1504,38108,66
1505,60473,66
1506,91356,66
1507,78733,66
1508,19149,66
1509,11365,66
1510,76103,66
1511,46217,66
1512,92705,66
1513,48225,66
1514,5478,66
1515,44408,65
1516,98008,65
1517,2128,65
1518,14215,65
1519,94107,65
1520,19107,65
1521,27511,65
1522,32505,65
1523,78730,65
1524,63116,65
1525,80212,65
1526,50428,64
1527,37663,64
1528,84117,64
1529,27856,64
1530,98683,64
1531,27407,64
1532,37220,64
1533,45227,64
1534,98664,64
1535,28305,64
1536,32266,64
1537,79119,64
1538,60645,64
1539,98502,64
1540,78238,64
1541,45205,64
1542,98335,63
1543,20748,63
1544,10031,63
1545,33190,63
1546,94611,63
1547,75240,63
1548,19135,63
1549,33716,63
1550,98036,63
1551,98513,63
1552,84102,63
1553,94603,63
1554,38134,63
1555,28204,63
1556,11206,63
1557,12203,63
1558,93706,63
1559,77037,63
1560,10006,63
1561,13208,63
1562,10004,63
1563,79924,63
1564,92120,62
1565,97266,62
1566,95747,62
1567,31792,62
1568,77808,62
1569,97223,62
1570,98466,62
1571,13204,62
1572,85375,62
1573,77801,62
1574,78736,62
1575,95660,62
1576,79765,62
1577,14221,62
1578,84105,62
1579,77081,62
1580,77807,62
1581,92647,62
1582,34286,62
1583,80232,62
1584,11237,62
1585,37924,62
1586,99206,62
1587,77038,61
1588,13350,61
1589,37219,61
1590,43025,61
1591,75035,61
1592,78749,61
1593,60646,61
1594,77086,61
1595,32304,61
1596,91040,61
1597,44123,61
1598,11418,60
1599,80234,60
1600,98405,60
1601,79902,60
1602,90062,60
1603,10009,60
1604,49017,60
1605,77506,60
1606,89124,60
1607,85351,60
1608,32605,59
1609,33182,59
1610,19142,59
1611,76008,59
1612,19141,59
1613,98406,59
1614,60659,59
1615,37080,59
1616,85387,59
1617,92114,59
1618,46222,59
1619,19102,59
1620,19150,59
1621,43103,58
1622,90034,58
1623,33510,58
1624,32504,58
1625,75233,58
1626,19136,58
1627,98371,58
1628,11378,58
1629,77401,58
1630,10462,58
1631,75062,58
1632,92117,58
1633,37409,58
1634,11694,58
1635,85307,58
1636,46229,58
1637,98087,58
1638,85374,58
1639,90028,58
1640,46256,58
1641,11429,58
1642,20015,58
1643,45245,58
1644,91602,58
1645,78728,58
1646,11422,57
1647,92104,57
1648,45238,57
1649,78208,57
1650,30707,57
1651,11415,57
1652,78664,57
1653,63118,57
1654,11417,57
1655,49068,57
1656,27601,57
1657,80249,57
1658,78726,57
1659,98040,57
1660,90008,57
1661,45247,56
1662,91423,56
1663,27408,56
1664,98506,56
1665,92115,56
1666,77087,56
1667,37069,56
1668,94601,56
1669,97210,56
1670,20005,56
1671,10030,56
1672,92707,56
1673,10308,56
1674,33812,56
1675,91311,56
1676,92105,55
1677,77505,55
1678,33028,55
1679,91326,55
1680,60655,55
1681,84119,55
1682,94114,55
1683,97233,55
1684,49015,55
1685,98052,55
1686,98225,54
1687,90650,54
1688,90035,54
1689,89510,54
1690,30329,54
1691,80218,54
1692,90292,54
1693,78759,54
1694,75054,54
1695,95833,54
1696,95842,54
1697,77707,54
1698,78758,54
1699,99201,54
1700,89158,54
1701,32502,54
1702,80222,54
1703,10307,54
1704,38133,54
1705,46225,54
1706,84111,54
1707,05478,54
1708,94607,54
1709,32641,54
1710,48208,54
1711,77502,54
1712,02127,53
1713,97267,53
1714,63108,53
1715,97221,53
1716,85305,53
1717,90038,53
1718,75572,53
1719,97213,53
1720,95136,53
1721,11423,53
1722,30363,52
1723,92107,52
1724,95831,52
1725,77012,52
1726,28120,52
1727,75042,52
1728,98310,52
1729,98026,52
1730,93702,52
1731,80207,52
1732,28217,52
1733,90043,52
1734,90005,52
1735,78750,52
1736,91202,52
1737,60656,52
1738,45223,51
1739,32609,51
1740,92701,51
1741,80223,51
1742,33128,51
1743,22209,51
1744,80239,51
1745,95828,51
1746,80127,51
1747,27518,51
1748,91403,51
1749,75009,51
1750,75081,51
1751,75061,50
1752,84770,50
1753,32606,50
1754,45243,50
1755,99212,50
1756,98408,50
1757,76117,50
1758,75249,50
1759,84115,50
1760,90041,50
1761,89031,50
1762,14750,50
1763,92808,50
1764,75034,50
1765,80501,50
1766,90047,50
1767,76226,50
1768,37067,49
1769,94112,49
1770,74020,49
1771,92802,49
1772,34231,49
1773,91306,49
1774,80007,49
1775,99203,49
1776,18102,49
1777,92106,49
1778,04963,49
1779,99202,49
1780,44132,49
1781,78752,48
1782,11427,48
1783,14211,48
1784,78205,48
1785,33815,48
1786,44140,48
1787,49037,48
1788,14213,48
1789,2118,48
1790,84109,48
1791,75701,48
1792,78023,48
1793,85306,48
1794,95135,48
1795,10303,47
1796,48240,47
1797,89512,47
1798,91208,47
1799,98023,47
1800,10033,47
1801,75253,47
1802,89436,47
1803,91504,47
1804,32653,47
1805,45206,47
1806,44136,46
1807,63104,46
1808,76209,46
1809,30345,46
1810,60124,46
1811,78109,46
1812,84107,46
1813,80237,46
1814,45244,46
1815,77085,46
1816,78263,46
1817,89084,46
1818,97220,46
1819,84104,46
1820,48875,46
1821,94103,46
1822,45211,46
1823,91106,46
1824,75039,46
1825,46221,46
1826,78722,46
1827,90007,45
1828,91401,45
1829,89439,45
1830,92604,45
1831,98501,45
1832,94133,45
1833,95051,45
1834,98311,45
1835,91607,45
1836,32814,45
1837,80524,45
1838,91606,45
1839,33759,45
1840,94131,45
1841,20910,45
1842,77031,45
1843,5452,45
1844,93723,44
1845,13206,44
1846,92056,44
1847,80231,44
1848,79703,44
1849,91331,44
1850,32344,44
1851,48230,44
1852,37912,44
1853,12202,44
1854,31907,44
1855,33194,44
1856,27101,44
1857,75060,44
1858,95816,44
1859,95112,44
1860,94585,44
1861,4963,44
1862,90731,44
1863,97212,44
1864,98055,44
1865,92108,44
1866,78550,44
1867,85388,44
1868,85085,43
1869,94115,43
1870,46235,43
1871,77565,43
1872,45237,43
1873,14063,43
1874,84116,43
1875,32317,43
1876,94619,43
1877,92122,43
1878,91205,43
1879,11411,43
1880,27263,43
1881,14224,43
1882,95815,43
1883,60123,43
1884,75051,43
1885,02116,43
1886,10032,43
1887,89179,43
1888,79907,43
1889,79904,43
1890,46250,43
1891,95111,43
1892,90012,43
1893,12210,42
1894,41701,42
1895,2116,42
1896,95824,42
1897,19127,42
1898,11105,42
1899,92883,42
1900,92116,42
1901,13207,42
1902,90059,42
1903,14207,42
1904,30313,42
1905,98003,42
1906,98057,41
1907,20817,41
1908,78634,41
1909,76707,41
1910,12601,41
1911,20746,41
1912,11370,41
1913,97702,41
1914,94503,41
1915,13210,41
1916,11102,41
1917,97225,41
1918,98503,41
1919,45239,41
1920,94121,41
1921,10464,41
1922,94590,41
1923,75050,41
1924,20816,41
1925,98011,41
1926,45214,41
1927,84101,41
1928,98663,41
1929,27401,41
1930,31419,41
1931,89143,41
1932,92113,41
1933,11426,40
1934,85395,40
1935,79922,40
1936,38732,40
1937,92392,40
1938,79602,40
1939,33760,40
1940,31757,40
1941,45209,40
1942,97231,40
1943,49014,40
1944,90033,40
1945,81504,40
1946,77067,40
1947,46228,40
1948,80235,40
1949,91801,40
1950,33765,40
1951,20744,40
1952,2210,40
1953,19152,40
1954,92111,40
1955,79606,40
1956,92102,40
1957,94589,40
1958,92131,40
1959,30340,40
1960,2110,40
1961,12209,40
1962,10310,39
1963,77365,39
1964,92592,39
1965,79106,39
1966,76543,39
1967,10460,39
1968,37921,39
1969,38141,39
1970,93535,39
1971,92806,39
1972,79925,39
1973,45249,39
1974,98028,39
1975,19115,39
1976,94124,39
1977,45233,39
1978,91214,39
1979,84120,39
1980,5446,39
1981,37397,39
1982,78225,39
1983,94510,39
1984,45224,39
1985,37923,39
1986,91436,39
1987,75210,39
1988,44141,39
1989,10468,38
1990,37201,38
1991,91344,38
1992,98005,38
1993,95843,38
1994,11103,38
1995,31088,38
1996,37015,38
1997,95841,38
1998,61701,38
1999,75082,38
2000,12603,38
2001,84790,38
2002,78040,38
2003,98001,38
2004,90023,38
2005,11366,38
2006,14220,38
2007,48917,38
2008,79423,38
2009,14206,38
2010,77503,38
2011,20747,38
2012,93551,38
2013,80246,38
2014,19118,38
2015,44147,38
2016,95817,38
2017,37403,38
2018,30337,37
2019,99218,37
2020,80224,37
2021,94301,37
2022,75002,37
2023,60564,37
2024,46278,37
2025,78073,37
2026,97216,37
2027,90003,37
2028,14225,37
2029,92395,37
2030,78727,37
2031,50401,37
2032,85323,37
2033,93725,37
2034,75202,37
2035,32081,37
2036,92201,37
2037,90067,37
2038,95620,37
2039,77504,37
2040,27403,37
2041,91103,37
2042,33122,37
2043,63112,37
2044,96003,37
2045,92054,37
2046,91605,37
2047,95819,36
2048,98660,36
2049,34238,36
2050,90013,36
2051,13904,36
2052,93710,36
2053,91304,36
2054,76115,36
2055,92129,36
2056,02118,36
2057,97222,36
2058,95138,36
2059,98346,36
2060,93728,36
2061,84118,36
2062,30360,36
2063,44053,36
2064,37073,36
2065,94602,36
2066,10457,36
2067,14048,36
2068,95403,36
2069,19154,36
2070,95133,36
2071,63111,36
2072,45241,36
2073,19116,36
2074,98418,36
2075,32617,36
2076,90020,35
2077,22204,35
2078,10458,35
2079,91104,35
2080,76504,35
2081,90744,35
2082,75010,35
2083,90045,35
2084,28544,35
2085,92126,35
2086,45204,35
2087,80230,35
2088,81505,35
2089,45212,35
2090,95122,35
2091,75707,35
2092,24202,34
2093,2130,34
2094,80015,34
2095,91406,34
2096,32534,34
2097,98290,34
2098,4937,34
2099,80112,34
2100,20745,34
2101,75006,34
2102,98370,34
2103,31768,34
2104,93536,34
2105,75041,34
2106,94606,34
2107,14228,34
2108,92027,34
2109,81507,34
2110,92562,34
2111,98642,34
2112,91754,34
2113,80031,34
2114,76164,34
2115,37410,34
2116,50126,33
2117,95825,33
2118,10701,33
2119,76028,33
2120,34243,33
2121,84123,33
2122,79118,33
2123,91201,33
2124,48089,33
2125,11005,33
2126,79930,33
2127,46204,33
2128,75603,33
2129,98072,33
2130,48105,33
2131,02130,33
2132,2740,33
2133,92509,33
2134,5488,33
2135,33762,33
2136,96001,33
2137,95054,33
2138,92692,33
2139,95148,32
2140,95110,32
2141,11004,32
2142,91001,32
2143,93065,32
2144,33880,32
2145,11106,32
2146,95120,32
2147,85051,32
2148,11428,32
2149,49331,32
2150,65202,32
2151,94118,32
2152,90715,32
2153,10456,32
2154,97214,32
2155,50436,32
2156,95991,31
2157,48226,31
2158,77076,31
2159,44115,31
2160,22314,31
2161,95624,31
2162,30606,31
2163,91505,31
2164,95131,31
2165,78729,31
2166,98296,31
2167,92606,31
2168,04937,31
2169,92203,31
2170,75246,31
2171,91402,31
2172,45213,31
2173,14209,31
2174,91011,31
2175,02128,31
2176,92057,31
2177,37189,31
2178,97232,31
2179,77046,31
2180,98020,30
2181,91405,30
2182,85029,30
2183,92407,30
2184,80113,30
2185,10302,30
2186,97215,30
2187,78756,30
2188,98148,30
2189,95127,30
2190,31093,30
2191,94116,30
2192,80547,30
2193,95864,30
2194,90230,30
2195,94123,30
2196,63109,30
2197,11363,30
2198,92503,30
2199,19114,30
2200,45215,30
2201,61614,29
2202,76541,29
2203,10039,29
2204,79915,29
2205,80216,29
2206,98373,29
2207,17603,29
2208,93035,29
2209,45219,29
2210,90732,29
2211,30906,29
2212,43138,29
2213,95129,29
2214,80236,29
2215,75007,29
2216,5403,29
2217,89052,29
2218,85023,29
2219,79605,29
2220,37347,29
2221,2114,29
2222,48237,29
2223,20706,29
2224,12211,29
2225,91325,29
2226,22201,29
2227,5476,29
2228,98338,29
2229,02129,29
2230,77830,29
2231,93703,29
2232,94122,29
2233,92084,29
2234,90712,29
2235,95409,28
2236,90001,28
2237,61615,28
2238,90066,28
2239,75023,28
2240,31904,28
2241,97205,28
2242,90025,28
2243,05450,28
2244,97123,28
2245,80016,28
2246,24435,28
2247,85373,28
2248,60707,28
2249,60661,28
2250,75024,28
2251,60120,28
2252,32789,28
2253,92026,28
2254,19129,28
2255,5440,28
2256,80126,28
2257,80528,28
2258,5454,28
2259,93619,28
2260,13215,28
2261,13203,28
2262,22003,28
2263,11692,27
2264,34233,27
2265,92123,27
2266,92708,27
2267,46268,27
2268,47401,27
2269,79124,27
2270,77701,27
2271,84604,27
2272,94555,27
2273,31643,27
2274,75033,27
2275,48210,27
2276,91307,27
2277,14222,27
2278,24266,27
2279,94158,27
2280,61604,27
2281,32601,27
2282,92394,27
2283,93309,27
2284,98403,27
2285,75075,27
2286,27605,27
2287,98053,27
2288,92545,27
2289,98092,27
2290,11416,27
2291,91761,27
2292,48809,27
2293,97701,27
2294,90002,27
2295,05454,27
2296,46514,27
2297,5445,26
2298,18103,26
2299,4957,26
2300,79110,26
2301,30501,26
2302,95758,26
2303,2135,26
2304,60073,26
2305,91501,26
2306,20772,26
2307,95050,26
2308,4666,26
2309,60506,26
2310,5672,26
2311,91732,26
2312,10035,26
2313,75093,26
2314,98607,26
2315,91101,26
2316,92706,26
2317,63103,26
2318,37909,26
2319,61704,26
2320,93550,26
2321,92029,26
2322,20852,26
2323,81005,26
2324,34236,26
2325,92110,26
2326,45220,26
2327,97442,26
2328,90094,26
2329,94134,26
2330,48103,26
2331,97703,25
2332,75001,25
2333,91343,25
2334,76205,25
2335,95350,25
2336,90713,25
2337,34239,25
2338,97301,25
2339,04666,25
2340,48178,25
2341,32092,25
2342,98446,25
2343,92335,25
2344,10034,25
2345,95116,25
2346,91320,25
2347,90293,25
2348,94117,25
2349,2124,25
2350,12204,25
2351,46254,25
2352,43046,25
2353,95821,25
2354,92691,25
2355,75702,25
2356,78552,25
2357,98375,25
2358,10459,25
2359,65203,25
2360,14208,25
2361,48229,25
2362,93001,25
2363,84128,25
2364,11693,25
2365,92563,25
2366,97302,25
2367,60565,24
2368,60606,24
2369,89011,24
2370,10472,24
2371,94609,24
2372,93311,24
2373,93063,24
2374,45251,24
2375,81503,24
2376,13212,24
2377,30750,24
2378,20912,24
2379,10040,24
2380,02124,24
2381,60435,24
2382,95826,24
2383,45207,24
2384,34234,24
2385,77642,24
2386,93291,24
2387,91411,24
2388,80525,24
2389,99216,24
2390,37302,24
2391,48910,24
2392,76501,24
2393,98007,24
2394,91913,24
2395,97504,24
2396,44313,24
2397,92544,24
2398,65802,24
2399,14217,24
2400,84124,24
2401,85043,24
2402,76001,24
2403,85392,24
2404,45248,24
2405,79935,24
2406,93552,24
2407,95356,24
2408,34110,24
2409,44432,24
2410,84321,23
2411,43055,23
2412,14214,23
2413,5450,23
2414,93306,23
2415,79762,23
2416,91324,23
2417,48209,23
2418,95121,23
2419,45240,23
2420,98303,23
2421,10708,23
2422,89434,23
2423,98037,23
2424,90057,23
2425,95132,23
2426,14722,23
2427,43107,23
2428,76201,23
2429,85353,23
2430,77060,23
2431,92119,23
2432,93455,23
2433,77489,23
2434,84129,23
2435,2125,23
2436,98391,23
2437,98465,23
2438,02108,23
2439,30605,23
2440,93737,23
2441,63110,23
2442,31632,23
2443,94306,22
2444,19126,22
2445,92591,22
2446,18505,22
2447,14609,22
2448,95126,22
2449,98467,22
2450,89501,22
2451,45236,22
2452,30346,22
2453,77013,22
2454,89032,22
2455,98366,22
2456,37407,22
2457,45229,22
2458,04957,22
2459,92404,22
2460,85033,22
2461,43056,22
2462,65807,22
2463,20770,22
2464,62704,22
2465,34291,22
2466,77703,22
2467,60540,22
2468,95124,22
2469,31204,22
2470,95128,22
2471,02114,22
2472,80634,22
2473,48906,22
2474,20004,22
2475,43112,22
2476,24370,22
2477,45216,22
2478,75025,22
2479,2129,22
2480,90064,21
2481,14226,21
2482,63139,21
2483,30739,21
2484,91203,21
2485,30752,21
2486,05491,21
2487,30738,21
2488,05445,21
2489,17403,21
2490,91387,21
2491,80020,21
2492,14227,21
2493,48211,21
2494,33009,21
2495,14216,21
2496,79416,21
2497,48091,21
2498,92014,21
2499,20782,21
2500,91204,21
2501,95119,21
2502,95404,21
2503,94610,21
2504,22180,21
2505,75237,21
2506,48216,21
2507,16508,21
2508,94102,21
2509,10451,21
2510,10037,21
2511,14210,21
2512,90240,21
2513,76012,21
2514,97306,21
2515,44052,21
2516,34241,21
2517,02122,21
2518,92337,21
2519,1109,21
2520,45225,21
2521,91752,21
2522,5401,21
2523,96002,20
2524,61822,20
2525,13224,20
2526,78541,20
2527,91767,20
2528,81501,20
2529,10044,20
2530,10018,20
2531,19137,20
2532,43102,20
2533,78418,20
2534,48603,20
2535,60505,20
2536,37350,20
2537,02136,20
2538,80010,20
2539,02132,20
2540,94014,20
2541,98372,20
2542,90241,20
2543,95694,20
2544,11104,20
2545,13501,20
2546,78566,20
2547,14201,20
2548,91207,20
2549,90710,20
2550,14212,20
2551,94089,20
2552,75104,20
2553,30507,20
2554,27040,20
2555,75056,20
2556,18104,20
2557,43614,20
2558,31216,20
2559,94509,20
2560,02115,20
2561,46113,19
2562,80005,19
2563,2111,19
2564,33417,19
2565,17104,19
2566,93701,19
2567,20901,19
2568,5474,19
2569,85035,19
2570,91350,19
2571,61107,19
2572,80019,19
2573,95340,19
2574,85019,19
2575,34232,19
2576,31401,19
2577,76657,19
2578,02125,19
2579,46214,19
2580,31909,19
2581,65803,19
2582,14613,19
2583,98275,19
2584,85021,19
2585,89081,19
2586,31210,19
2587,37402,19
2588,79905,19
2589,91766,19
2590,14782,19
2591,37143,19
2592,14712,19
2593,12936,19
2594,92139,19
2595,45402,19
2596,85339,19
2597,76017,19
2598,20895,19
2599,85027,19
2600,92557,19
2601,91739,19
2602,98043,19
2603,90501,19
2604,13219,19
2605,48849,19
2606,92124,19
2607,7004,19
2608,95209,19
2609,92376,19
2610,48218,19
2611,28720,19
2612,89074,19
2613,31405,19
2614,76016,19
2615,77708,19
2616,20785,18
2617,34240,18
2618,45417,18
2619,91030,18
2620,10704,18
2621,47404,18
2622,2119,18
2623,99204,18
2624,77598,18
2625,5468,18
2626,60502,18
2627,24641,18
2628,97218,18
2629,60563,18
2630,2122,18
2631,34235,18
2632,91803,18
2633,78414,18
2634,10470,18
2635,75074,18
2636,92071,18
2637,77050,18
2638,98424,18
2639,92840,18
2640,45217,18
2641,95827,18
2642,92021,18
2643,75704,18
2644,24230,18
2645,93313,18
2646,24224,18
2647,20735,18
2648,92555,18
2649,22304,18
2650,30904,18
2651,95207,18
2652,76704,18
2653,97501,18
2654,89030,18
2655,78410,18
2656,18504,18
2657,95407,18
2658,43136,18
2659,48503,18
2660,91506,17
2661,95206,17
2662,62702,17
2663,48104,17
2664,76002,17
2665,95928,17
2666,14787,17
2667,80526,17
2668,37665,17
2669,90211,17
2670,95348,17
2671,2108,17
2672,97707,17
2673,60603,17
2674,14619,17
2675,30909,17
2676,63115,17
2677,91791,17
2678,92081,17
2679,78660,17
2680,27545,17
2681,47714,17
2682,98388,17
2683,93905,17
2684,97402,17
2685,95814,17
2686,65201,17
2687,93534,17
2688,13209,17
2689,97304,17
2690,45246,17
2691,43148,17
2692,22207,17
2693,76013,17
2694,92882,17
2695,14070,17
2696,94132,17
2697,93003,17
2698,90505,17
2699,94553,17
2700,95219,17
2701,2745,17
2702,77338,17
2703,13416,17
2704,81506,17
2705,93036,17
2706,2131,16
2707,91107,16
2708,94705,16
2709,14218,16
2710,91764,16
2711,80918,16
2712,64055,16
2713,90803,16
2714,93304,16
2715,78412,16
2716,94801,16
2717,75709,16
2718,02210,16
2719,5482,16
2720,20784,16
2721,80920,16
2722,02135,16
2723,33578,16
2724,77547,16
2725,30504,16
2726,46814,16
2727,95355,16
2728,43764,16
2729,44306,16
2730,28034,16
2731,84606,16
2732,2115,16
2733,75706,16
2734,95060,16
2735,37902,16
2736,20774,16
2737,92243,16
2738,48217,16
2739,91910,16
2740,61103,16
2741,02119,16
2742,64052,16
2743,91351,16
2744,95382,16
2745,64050,16
2746,90805,16
2747,48911,16
2748,92543,16
2749,5656,16
2750,91108,16
2751,47711,16
2752,81007,16
2753,79121,15
2754,92508,15
2755,80302,15
2756,65804,15
2757,91737,15
2758,91354,15
2759,76040,15
2760,16504,15
2761,46516,15
2762,49424,15
2763,79835,15
2764,95118,15
2765,1604,15
2766,92025,15
2767,02121,15
2768,61820,15
2769,29708,15
2770,05482,15
2771,48876,15
2772,2601,15
2773,94520,15
2774,95757,15
2775,43154,15
2776,10710,15
2777,90061,15
2778,95811,15
2779,80304,15
2780,5464,15
2781,46628,15
2782,90802,15
2783,1108,15
2784,61603,15
2785,91362,15
2786,91755,15
2787,84013,15
2788,98402,15
2789,22202,15
2790,94804,15
2791,20740,15
2792,93955,15
2793,94544,15
2794,75150,15
2795,98443,15
2796,31903,15
2797,85053,15
2798,95351,15
2799,79413,15
2800,80122,15
2801,79903,15
2802,60602,15
2803,61821,15
2804,61102,15
2805,38105,14
2806,78009,14
2807,44055,14
2808,98077,14
2809,60431,14
2810,1453,14
2811,80013,14
2812,84729,14
2813,94303,14
2814,48912,14
2815,44708,14
2816,10455,14
2817,92507,14
2818,20783,14
2819,47905,14
2820,31620,14
2821,92504,14
2822,46224,14
2823,49021,14
2824,77702,14
2825,20737,14
2826,45406,14
2827,95020,14
2828,48312,14
2829,48638,14
2830,89002,14
2831,80018,14
2832,80004,14
2833,94521,14
2834,15201,14
2835,78578,14
2836,89012,14
2837,49423,14
2838,95993,14
2839,22031,14
2840,78653,14
2841,91303,14
2842,16502,14
2843,61108,14
2844,77831,14
2845,80906,14
2846,33782,14
2847,22302,14
2848,75067,14
2849,28016,14
2850,44509,14
2851,2136,14
2852,30725,14
2853,31906,14
2854,45410,14
2855,17110,14
2856,91730,14
2857,64114,14
2858,94127,14
2859,10452,14
2860,89014,14
2861,92405,14
2862,43760,14
2863,44314,13
2864,94558,13
2865,14710,13
2866,93611,13
2867,43730,13
2868,34289,13
2869,97124,13
2870,46845,13
2871,5461,13
2872,17401,13
2873,85017,13
2874,48602,13
2875,63101,13
2876,14621,13
2877,92843,13
2878,30742,13
2879,20902,13
2880,92833,13
2881,48310,13
2882,61114,13
2883,19606,13
2884,63113,13
2885,28590,13
2886,91915,13
2887,85013,13
2888,14136,13
2889,97305,13
2890,22041,13
2891,95380,13
2892,14223,13
2893,79603,13
2894,89161,13
2895,94108,13
2896,79761,13
2897,19153,13
2898,46614,13
2899,13406,13
2900,94612,13
2901,75036,13
2902,13211,13
2903,93277,13
2904,92506,13
2905,80003,13
2906,76005,13
2907,50441,13
2908,91911,13
2909,97080,13
2910,76006,12
2911,78669,12
2912,49503,12
2913,43731,12
2914,24211,12
2915,47403,12
2916,76513,12
2917,16510,12
2918,94618,12
2919,92083,12
2920,90010,12
2921,90232,12
2922,44706,12
2923,50482,12
2924,44312,12
2925,15203,12
2926,92627,12
2927,79412,12
2928,92553,12
2929,95832,12
2930,22307,12
2931,31404,12
2932,43615,12
2933,95678,12
2934,85009,12
2935,98074,12
2936,02109,12
2937,91701,12
2938,10705,12
2939,79601,12
2940,44721,12
2941,91360,12
2942,92551,12
2943,61109,12
2944,5495,12
2945,48108,12
2946,13502,12
2947,02131,12
2948,22303,12
2949,91792,12
2950,93307,12
2951,90056,12
2952,78215,12
2953,79107,12
2954,80919,12
2955,80521,12
2956,92865,12
2957,44305,12
2958,20705,12
2959,92173,12
2960,60633,12
2961,31206,12
2962,95341,12
2963,85015,12
2964,34119,12
2965,49504,12
2966,20712,12
2967,84403,12
2968,10453,12
2969,98206,12
2970,90503,12
2971,10703,12
2972,76039,11
2973,60433,11
2974,43205,11
2975,46280,11
2976,27560,11
2977,45644,11
2978,44431,11
2979,91340,11
2980,43606,11
2981,64056,11
2982,49050,11
2983,46231,11
2984,90808,11
2985,20722,11
2986,02126,11
2987,77873,11
2988,32333,11
2989,92410,11
2990,17404,11
2991,48504,11
2992,31602,11
2993,2132,11
2994,27284,11
2995,44502,11
2996,84601,11
2997,27282,11
2998,91020,11
2999,97317,11
3000,93312,11
3001,61705,11
3002,30815,11
3003,95926,11
3004,07004,11
3005,10282,11
3006,20781,11
3007,48915,11
3008,80905,11
3009,90810,11
3010,76711,11
3011,15212,11
3012,95134,11
3013,92869,11
3014,30303,11
3015,80910,11
3016,89431,11
3017,05461,11
3018,65810,11
3019,95117,11
3020,49507,11
3021,75247,11
3022,92841,11
3023,85378,11
3024,90640,11
3025,48604,11
3026,93033,11
3027,11040,11
3028,02215,11
3029,27209,11
3030,1603,10
3031,76053,10
3032,60504,10
3033,79403,10
3034,85031,10
3035,14757,10
3036,92881,10
3037,31601,10
3038,76014,10
3039,93110,10
3040,5471,10
3041,92058,10
3042,93004,10
3043,2109,10
3044,98002,10
3045,81004,10
3046,47909,10
3047,44505,10
3048,2121,10
3049,79763,10
3050,65809,10
3051,43613,10
3052,78226,10
3053,92009,10
3054,98390,10
3055,37915,10
3056,94518,10
3057,1605,10
3058,80301,10
3059,16511,10
3060,49076,10
3061,94541,10
3062,49073,10
3063,79103,10
3064,61525,10
3065,91345,10
3066,91762,10
3067,43155,10
3068,98327,10
3069,28715,10
3070,1854,10
3071,81001,10
3072,91790,10
3073,1105,10
3074,97405,10
3075,60503,10
3076,90212,10
3077,50438,10
3078,43739,10
3079,97227,10
3080,47725,10
3081,17102,10
3082,14204,10
3083,91355,10
3084,98164,10
3085,1104,10
3086,46805,10
3087,98039,10
3088,05443,9
3089,64113,9
3090,22311,9
3091,48313,9
3092,49006,9
3093,43612,9
3094,18508,9
3095,43135,9
3096,98337,9
3097,5444,9
3098,95062,9
3099,31220,9
3100,94087,9
3101,2632,9
3102,89441,9
3103,62703,9
3104,34237,9
3105,85007,9
3106,22206,9
3107,93908,9
3108,94402,9
3109,14718,9
3110,28348,9
3111,98070,9
3112,90021,9
3113,49008,9
3114,46077,9
3115,33781,9
3116,02110,9
3117,80514,9
3118,64057,9
3119,94401,9
3120,90742,9
3121,2215,9
3122,92067,9
3123,80923,9
3124,90804,9
3125,37380,9
3126,90277,9
3127,77396,9
3128,76010,9
3129,22310,9
3130,15206,9
3131,75146,9
3132,5458,9
3133,18509,9
3134,93292,9
3135,98333,9
3136,92845,9
3137,60436,9
3138,24609,9
3139,93454,9
3140,79407,9
3141,80922,9
3142,76655,9
3143,14202,9
3144,80303,9
3145,22101,9
3146,95139,9
3147,19604,8
3148,5455,8
3149,15216,8
3150,98380,8
3151,31201,8
3152,80111,8
3153,89015,8
3154,46815,8
3155,48532,8
3156,93030,8
3157,13214,8
3158,98236,8
3159,22315,8
3160,45252,8
3161,41339,8
3162,1850,8
3163,63120,8
3164,92020,8
3165,49525,8
3166,44511,8
3167,92011,8
3168,45414,8
3169,97030,8
3170,32110,8
3171,43008,8
3172,14615,8
3173,92879,8
3174,10454,8
3175,14062,8
3176,33548,8
3177,80305,8
3178,14728,8
3179,02113,8
3180,1118,8
3181,30601,8
3182,78154,8
3183,90242,8
3184,45232,8
3185,1606,8
3186,98354,8
3187,94015,8
3188,80121,8
3189,91210,8
3190,91914,8
3191,77640,8
3192,46835,8
3193,49096,8
3194,2655,8
3195,80904,8
3196,5459,8
3197,64108,8
3198,92019,8
3199,63107,8
3200,37916,8
3201,18510,8
3202,1851,8
3203,44709,8
3204,1852,8
3205,48890,8
3206,77710,8
3207,46825,8
3208,48601,8
3209,64151,8
3210,43206,8
3211,12993,8
3212,93907,8
3213,44301,8
3214,93612,8
3215,85363,8
3216,48609,8
3217,63105,8
3218,95973,8
3219,14219,8
3220,75226,8
3221,78719,8
3222,5457,8
3223,61101,8
3224,92835,8
3225,90806,8
3226,5465,8
3227,24283,8
3228,95354,8
3229,29707,8
3230,20874,8
3231,61104,8
3232,44718,7
3233,45420,7
3234,78413,7
3235,80017,7
3236,90014,7
3237,48507,7
3238,64111,7
3239,1119,7
3240,33068,7
3241,1129,7
3242,80631,7
3243,78404,7
3244,60476,7
3245,79102,7
3246,31626,7
3247,78411,7
3248,92346,7
3249,46808,7
3250,98027,7
3251,47408,7
3252,47710,7
3253,92832,7
3254,90807,7
3255,84401,7
3256,94085,7
3257,05456,7
3258,43777,7
3259,20903,7
3260,75181,7
3261,90504,7
3262,91502,7
3263,80129,7
3264,27409,7
3265,95203,7
3266,2126,7
3267,48092,7
3268,98075,7
3269,79836,7
3270,27012,7
3271,78617,7
3272,92867,7
3273,2141,7
3274,48093,7
3275,77587,7
3276,46818,7
3277,45405,7
3278,31788,7
3279,17238,7
3280,43968,7
3281,92411,7
3282,85003,7
3283,79764,7
3284,95205,7
3285,90040,7
3286,95210,7
3287,60432,7
3288,1607,7
3289,2648,7
3290,80002,7
3291,75116,7
3292,14781,7
3293,94104,7
3294,79410,7
3295,46637,7
3296,24361,7
3297,59436,7
3298,48865,7
3299,77532,7
3300,94531,7
3301,32331,7
3302,91731,7
3303,22043,7
3304,90813,7
3305,44320,7
3306,46617,7
3307,81006,7
3308,94403,7
3309,20721,7
3310,64116,7
3311,20854,7
3312,45404,7
3313,92505,7
3314,49442,7
3315,11001,7
3316,93650,7
3317,49548,7
3318,80917,7
3319,92008,7
3320,44707,7
3321,78415,7
3322,94111,7
3323,42740,7
3324,64133,6
3325,20905,6
3326,44506,6
3327,94086,6
3328,75708,6
3329,02111,6
3330,17602,6
3331,05483,6
3332,17103,6
3333,5494,6
3334,93103,6
3335,22301,6
3336,95358,6
3337,95008,6
3338,43023,6
3339,24649,6
3340,84404,6
3341,85020,6
3342,95140,6
3343,22306,6
3344,95204,6
3345,95837,6
3346,64124,6
3347,81003,6
3348,92868,6
3349,34761,6
3350,46804,6
3351,19601,6
3352,79415,6
3353,22305,6
3354,95357,6
3355,24260,6
3356,97401,6
3357,14608,6
3358,95625,6
3359,46615,6
3360,22182,6
3361,43607,6
3362,93901,6
3363,92010,6
3364,80915,6
3365,93305,6
3366,93105,6
3367,91321,6
3368,16505,6
3369,43235,6
3370,95401,6
3371,30607,6
3372,79414,6
3373,5441,6
3374,20603,6
3375,64112,6
3376,77511,6
3377,75077,6
3378,19602,6
3379,47712,6
3380,98606,6
3381,43623,6
3382,94708,6
3383,76018,6
3384,43215,6
3385,11109,6
3386,76701,6
3387,05448,6
3388,50421,6
3389,94545,6
3390,14733,6
3391,48815,6
3392,44423,6
3393,2630,6
3394,46517,6
3395,92626,6
3396,31407,6
3397,15213,6
3398,2113,6
3399,93591,6
3400,20850,6
3401,20613,6
3402,93458,6
3403,28166,6
3404,50006,6
3405,14784,5
3406,78742,5
3407,19020,5
3408,77477,5
3409,5492,5
3410,50469,5
3411,49224,5
3412,29715,5
3413,62711,5
3414,46616,5
3415,38002,5
3416,1610,5
3417,78620,5
3418,44507,5
3419,46635,5
3420,14612,5
3421,37010,5
3422,24228,5
3423,81008,5
3424,1128,5
3425,14605,5
3426,47720,5
3427,1602,5
3428,31773,5
3429,49505,5
3430,5447,5
3431,14138,5
3432,60012,5
3433,80011,5
3434,92844,5
3435,98392,5
3436,5489,5
3437,1151,5
3438,79766,5
3439,14716,5
3440,77868,5
3441,84081,5
3442,64131,5
3443,5655,5
3444,84084,5
3445,94542,5
3446,49048,5
3447,75705,5
3448,31738,5
3449,14620,5
3450,15211,5
3451,92590,5
3452,79708,5
3453,49508,5
3454,94806,5
3455,80021,5
3456,90402,5
3457,32703,5
3458,43229,5
3459,95037,5
3460,80907,5
3461,46809,5
3462,48822,5
3463,27014,5
3464,43611,5
3465,90815,5
3466,48881,5
3467,32618,5
3468,44714,5
3469,79837,5
3470,18109,5
3471,61606,5
3472,22102,5
3473,32603,5
3474,90247,5
3475,64123,5
3476,5661,5
3477,43783,5
3478,79782,5
3479,95661,5
3480,18101,5
3481,95867,5
3482,44705,5
3483,78652,5
3484,20601,5
3485,15217,5
3486,33935,5
3487,27517,5
3488,76033,5
3489,20906,5
3490,90302,5
3491,92377,5
3492,63147,4
3493,43920,4
3494,93111,4
3495,97404,4
3496,77861,4
3497,48861,4
3498,48314,4
3499,75088,4
3500,49004,4
3501,78577,4
3502,64110,4
3503,80110,4
3504,05441,4
3505,45403,4
3506,45218,4
3507,20879,4
3508,33063,4
3509,05444,4
3510,43224,4
3511,37351,4
3512,79101,4
3513,75149,4
3514,22203,4
3515,22153,4
3516,28107,4
3517,80924,4
3518,64109,4
3519,75159,4
3520,94703,4
3521,14611,4
3522,98439,4
3523,5448,4
3524,50475,4
3525,14607,4
3526,93301,4
3527,14747,4
3528,10474,4
3529,78006,4
3530,64118,4
3531,43157,4
3532,33903,4
3533,98292,4
3534,44704,4
3535,14129,4
3536,94519,4
3537,24270,4
3538,75650,4
3539,91768,4
3540,79411,4
3541,46816,4
3542,16503,4
3543,27529,4
3544,48088,4
3545,02467,4
3546,5469,4
3547,28704,4
3548,49012,4
3549,65806,4
3550,43230,4
3551,10475,4
3552,75207,4
3553,64132,4
3554,05487,4
3555,15243,4
3556,5483,4
3557,32751,4
3558,63106,4
3559,45424,4
3560,98360,4
3561,2744,4
3562,27278,4
3563,27503,4
3564,31901,4
3565,43701,4
3566,60827,4
3567,27514,4
3568,44303,4
3569,94702,4
3570,64145,4
3571,37167,4
3572,31605,4
3573,14034,4
3574,46803,4
3575,22015,4
3576,14738,4
3577,93109,4
3578,24639,4
3579,93308,4
3580,48851,4
3581,2120,4
3582,38126,4
3583,92501,4
3584,24271,4
3585,30757,4
3586,78613,4
3587,80909,4
3588,37037,4
3589,46806,4
3590,43214,4
3591,14719,4
3592,24225,4
3593,97403,4
3594,77450,4
3595,14755,4
3596,2134,4
3597,24656,4
3598,10103,4
3599,41774,4
3600,15222,4
3601,32669,4
3602,27523,4
3603,37082,4
3604,31217,4
3605,43735,4
3606,28117,4
3607,5404,4
3608,47715,4
3609,43204,4
3610,37659,4
3611,14723,4
3612,64105,4
3613,28613,4
3614,90248,4
3615,24614,4
3616,44703,4
3617,80921,4
3618,64155,4
3619,34266,4
3620,20878,3
3621,22044,3
3622,43222,3
3623,76579,3
3624,94704,3
3625,92121,3
3626,15210,3
3627,20616,3
3628,34242,3
3629,43201,3
3630,49007,3
3631,43081,3
3632,48827,3
3633,43213,3
3634,77331,3
3635,89086,3
3636,76065,3
3637,32082,3
3638,78626,3
3639,24245,3
3640,43605,3
3641,28480,3
3642,15219,3
3643,24272,3
3644,02134,3
3645,31820,3
3646,49001,3
3647,5473,3
3648,79015,3
3649,48433,3
3650,46619,3
3651,15208,3
3652,44504,3
3653,78405,3
3654,33839,3
3655,33848,3
3656,5408,3
3657,15228,3
3658,46613,3
3659,43223,3
3660,20006,3
3661,79108,3
3662,24631,3
3663,75154,3
3664,94304,3
3665,44490,3
3666,31629,3
3667,14610,3
3668,76266,3
3669,50452,3
3670,05455,3
3671,5442,3
3672,14606,3
3673,11239,3
3674,93314,3
3675,33896,3
3676,48897,3
3677,41722,3
3678,60604,3
3679,2467,3
3680,20904,3
3681,64053,3
3682,98029,3
3683,28391,3
3684,76051,3
3685,0,3
3686,31211,3
3687,05469,3
3688,31415,3
3689,46802,3
3690,46807,3
3691,13202,3
3692,97204,3
3693,79404,3
3694,43610,3
3695,95830,3
3696,37643,3
3697,2635,3
3698,91776,3
3699,30336,3
3700,94710,3
3701,16507,3
3702,75137,3
3703,49033,3
3704,89004,3
3705,92831,3
3706,21029,3
3707,94709,3
3708,43211,3
3709,92880,3
3710,75068,3
3711,91390,3
3712,80925,3
3713,31406,3
3714,22027,3
3715,43150,3
3716,33004,3
3717,95030,3
3718,44310,3
3719,02120,3
3720,80927,3
3721,78586,3
3722,43149,3
3723,49046,3
3724,84528,3
3725,20710,3
3726,27301,3
3727,50434,3
3728,30901,3
3729,95452,3
3730,95405,3
3731,50478,3
3732,47904,3
3733,33594,3
3734,20607,3
3735,91775,3
3736,20707,3
3737,22079,3
3738,48506,3
3739,64117,3
3740,61605,3
3741,27587,3
3742,05462,3
3743,16509,3
3744,75094,3
3745,64152,3
3746,43033,3
3747,79901,3
3748,44455,3
3749,90305,3
3750,32336,3
3751,95130,3
3752,94805,2
3753,91733,2
3754,33844,2
3755,80938,2
3756,22312,2
3757,77010,2
3758,31625,2
3759,85012,2
3760,22116,2
3761,98367,2
3762,80439,2
3763,"27703, 8247",2
3764,94022,2
3765,64139,2
3766,43227,2
3767,92866,2
3768,28748,2
3769,27310,2
3770,43232,2
3771,77629,2
3772,98332,2
3773,48821,2
3774,64128,2
3775,19611,2
3776,14742,2
3777,20602,2
3778,27120,2
3779,05488,2
3780,31005,2
3781,28689,2
3782,"27603, 5512",2
3783,75762,2
3784,2675,2
3785,95070,2
3786,14772,2
3787,98359,2
3788,37142,2
3789,27045,2
3790,60046,2
3791,80124,2
3792,95065,2
3793,31778,2
3794,27377,2
3795,60419,2
3796,33549,2
3797,44510,2
3798,43620,2
3799,94803,2
3800,50479,2
3801,78697,2
3802,97408,2
3803,27357,2
3804,37321,2
3805,92585,2
3806,2668,2
3807,", , ",2
3808,30566,2
3809,43782,2
3810,78522,2
3811,"27703, 7996",2
3812,46290,2
3813,22309,2
3814,50071,2
3815,63136,2
3816,37620,2
3817,22042,2
3818,43207,2
3819,27214,2
3820,84518,2
3821,43219,2
3822,95002,2
3823,44311,2
3824,77720,2
3825,2746,2
3826,20769,2
3827,33776,2
3828,14027,2
3829,2140,2
3830,"27603, 2089",2
3831,33840,2
3832,90740,2
3833,64154,2
3834,79104,2
3835,17101,2
3836,"27610, 1748",2
3837,80903,2
3838,80908,2
3839,93108,2
3840,43228,2
3841,77449,2
3842,93721,2
3843,43221,2
3844,62712,2
3845,22151,2
3846,43119,2
3847,43203,2
3848,48473,2
3849,89433,2
3850,44307,2
3851,97006,2
3852,93906,2
3853,93101,2
3854,99016,2
3855,"27608, 2604",2
3856,20723,2
3857,43209,2
3858,47458,2
3859,33584,2
3860,48933,2
3861,32095,2
3862,33596,2
3863,20832,2
3864,41834,2
3865,30907,2
3866,77249,2
3867,78641,2
3868,24280,2
3869,77373,2
3870,5486,2
3871,80916,2
3872,5460,2
3873,16501,2
3874,28033,2
3875,15234,2
3876,94525,2
3877,49506,2
3878,20759,2
3879,80951,2
3880,43026,2
3881,92782,2
3882,76011,2
3883,28634,2
3884,80130,2
3885,63102,2
3886,14081,2
3887,28655,2
3888,98047,2
3889,44512,2
3890,43617,2
3891,92408,2
3892,94580,2
3893,44223,2
3894,"27713, 9675",2
3895,"27606, 1626",2
3896,75126,2
3897,98580,2
3898,20841,2
3899,27358,2
3900,21044,2
3901,41723,2
3902,28678,2
3903,22152,2
3904,34990,2
3905,"27610, 1749",2
3906,24226,2
3907,20708,2
3908,77875,2
3909,78545,2
3910,22150,2
3911,20877,2
3912,95212,2
3913,43212,2
3914,22066,2
3915,43748,2
3916,44514,2
3917,11020,2
3918,80128,2
3919,24637,2
3920,43035,2
3921,46819,2
3922,19607,2
3923,41719,2
3924,33556,2
3925,81520,2
3926,22046,2
3927,49546,2
3928,91902,2
3929,77546,2
3930,37340,2
3931,64157,2
3932,47713,2
3933,5470,2
3934,94581,2
3935,34601,2
3936,1107,2
3937,32714,2
3938,"27713, 9638",2
3939,44445,2
3940,43746,2
3941,27302,2
3942,43202,2
3943,19006,2
3944,"27703, 4238",2
3945,15224,2
3946,28012,2
3947,75057,2
3948,64130,2
3949,64158,2
3950,89155,2
3951,33785,1
3952,77583,1
3953,92325,1
3954,84521,1
3955,17601,1
3956,44319,1
3957,76085,1
3958,27520,1
3959,43018,1
3960,"27604, 2350",1
3961,"07004, 1528",1
3962,"27614, 7289",1
3963,94404,1
3964,"27705, 2073",1
3965,94568,1
3966,"27610, 8519",1
3967,77346,1
3968,77876,1
3969,50423,1
3970,49092,1
3971,33000,1
3972,44443,1
3973,76063,1
3974,92561,1
3975,"27713, 8146",1
3976,27006,1
3977,64153,1
3978,"27615, 3039",1
3979,"27587, 9373",1
3980,32696,1
3981,22032,1
3982,43116,1
3983,"27705, 2654",1
3984,89105,1
3985,20896,1
3986,37721,1
3987,95141,1
3988,"27609, 4161",1
3989,32003,1
3990,"27607, 3018",1
3991,75693,1
3992,12996,1
3993,64054,1
3994,64138,1
3995,"27703, 9424",1
3996,30726,1
3997,50525,1
3998,94707,1
3999,85004,1
4000,48607,1
4001,20866,1
4002,78124,1
4003,"27713, 9782",1
4004,98223,1
4005,75147,1
4006,"07004, 2214",1
4007,"27612, 5555",1
4008,14740,1
4009,"27713, 967",1
4010,34742,1
4011,"27529, 2107",1
4012,"27615, 5231",1
4013,"27606, 2215",1
4014,"27713, 6852",1
4015,28080,1
4016,63125,1
4017,99004,1
4018,"27617, 8310",1
4019,38053,1
4020,37853,1
4021,85024,1
4022,97035,1
4023,"27712, 3233",1
4024,"27612, 3078",1
4025,"27608, 1511",1
4026,"27603, 3661",1
4027,"27713, 6643",1
4028,43608,1
4029,"07004, 1413",1
4030,94577,1
4031,84005,1
4032,5940,1
4033,"27606, 2647",1
4034,"27603, 5369",1
4035,"27615, 3622",1
4036,"27607, 7321",1
4037,"27609, 4170",1
4038,"27614, 7319",1
4039,"27615, 2319",1
4040,"27607, 3737",1
4041,41754,1
4042,"27601, 1141",1
4043,"27609, 6960",1
4044,92630,1
4045,14006,1
4046,"27607, 4051",1
4047,"27616, 9097",1
4048,79755,1
4049,15204,1
4050,24220,1
4051,38818,1
4052,92583,1
4053,38028,1
4054,48502,1
4055,30805,1
4056,64125,1
4057,32784,1
4058,"27703, 4259",1
4059,32830,1
4060,"27713, 9302",1
4061,"27703, 9606",1
4062,46060,1
4063,"27610, 6088",1
4064,80403,1
4065,98342,1
4066,"27603, 2352",1
4067,64106,1
4068,"27701, 1313",1
4069,"27701, 4415",1
4070,"27612, 3024",1
4071,64134,1
4072,"27607, 3446",1
4073,44037,1
4074,41836,1
4075,"27603, 8266",1
4076,"27610, 4307",1
4077,"77015, 2522",1
4078,80433,1
4079,"27705, 1944",1
4080,84501,1
4081,48838,1
4082,"27610, 5617",1
4083,76015,1
4084,"27615, 3876",1
4085,32765,1
4086,2138,1
4087,17325,1
4088,14166,1
4089,80620,1
4090,"27615, 6225",1
4091,41776,1
4092,41862,1
4093,"77092, 5540",1
4094,27592,1
4095,49441,1
4096,75792,1
4097,20191,1
4098,30138,1
4099,31322,1
4100,84341,1
4101,78409,1
4102,77562,1
4103,20720,1
4104,44308,1
4105,34787,1
4106,"27603, 5255",1
4107,92251,1
4108,"27712, 0000",1
4109,"27604, 5445",1
4110,"27704, 1573",1
4111,15233,1
4112,98798,1
4113,37052,1
4114,85022,1
4115,"27604, 3789",1
4116,"27604, 1450",1
4117,"27614, 8959",1
4118,32362,1
4119,37645,1
4120,"27606, 2704",1
4121,98421,1
4122,05464,1
4123,"27707, 3032",1
4124,10706,1
4125,"07004, 2137",1
4126,37046,1
4127,2105,1
4128,14720,1
4129,"27607, 5306",1
4130,14111,1
4131,"27610, 8706",1
4132,89054,1
4133,10281,1
4134,"07004, 1878",1
4135,"27703, 9489",1
4136,"27609, 7636",1
4137,"27605, 1212",1
4138,"27529, 4334",1
4139,2199,1
4140,"27712, 3137",1
4141,90304,1
4142,"05441, 4400",1
4143,"27615, 2590",1
4144,37857,1
4145,76084,1
4146,99005,1
4147,"07004, 1106",1
4148,"27607, 4720",1
4149,30297,1
4150,41640,1
4151,63117,1
4152,77578,1
4153,85041,1
4154,13790,1
4155,97530,1
4156,"27608, 2315",1
4157,77535,1
4158,78144,1
4159,46601,1
4160,81523,1
4161,"27613, 3104",1
4162,43220,1
4163,"27603, 4374",1
4164,77568,1
4165,"27704, 1508",1
4166,"27614, 6791",1
4167,77613,1
4168,"27608, 2067",1
4169,20886,1
4170,33083,1
4171,33242,1
4172,44493,1
4173,"27615, 4815",1
4174,"27587, 9999",1
4175,31543,1
4176,"27616, 5401",1
4177,"27616, 5777",1
4178,50453,1
4179,91763,1
4180,37871,1
4181,"27703, 9840",1
4182,"27603, 3445",1
4183,"27529, 4367",1
4184,"27607, 0000",1
4185,"27603, 9111",1
4186,44515,1
4187,"27703, 4786",1
4188,00000,1
4189,79382,1
4190,48168,1
4191,77498,1
4192,"27613, 4471",1
4193,"27529, 5051",1
4194,"27610, 4386",1
4195,38017,1
4196,02199,1
4197,79525,1
4198,"27603, 8534",1
4199,43791,1
4200,32084,1
4201,"27713, 1731",1
4202,27000,1
4203,1106,1
4204,"27707, 2356",1
4205,75098,1
4206,"27707, 3983",1
4207,80030,1
4208,13850,1
4209,27502,1
4210,"27705, 6108",1
4211,"27701, 1147",1
4212,"27616, 6710",1
4213,46216,1
4214,92028,1
4215,44304,1
4216,44710,1
4217,43945,1
4218,"27609, 5940",1
4219,79839,1
4220,"07004, 1607",1
4221,"27615, 6925",1
4222,"27615, 1910",1
4223,48127,1
4224,43065,1
4225,05457,1
4226,48165,1
4227,89595,1
4228,94040,1
4229,30677,1
4230,77372,1
4231,"07004, 1300",1
4232,"27704, 5037",1
4233,78540,1
4234,"27616, 6802",1
4235,63143,1
4236,"27608, 2709",1
4237,48623,1
4238,44333,1
4239,50457,1
4240,15226,1
4241,43231,1
4242,32792,1
4243,123456,1
4244,"27704, 3845",1
4245,33905,1
4246,98321,1
4247,76633,1
4248,28079,1
4249,20190,1
4250,"27616, 8089",1
4251,46163,1
4252,43609,1
4253,49245,1
4254,80455,1
4255,97034,1
4256,43164,1
4257,79710,1
4258,"27616, 8591",1
4259,"27615, 6615",1
4260,77316,1
4261,41619,1
4262,90109,1
4263,"27610, 5983",1
4264,98010,1
4265,31052,1
4266,24237,1
4267,32068,1
4268,41751,1
4269,78064,1
4270,64127,1
4271,33249,1
4272,"27609, 6973",1
4273,43738,1
4274,"27609, 3956",1
4275,"27616, 2760",1
4276,1608,1
4277,34219,1
4278,89025,1
4279,"27617, 8314",1
4280,99021,1
4281,"27612, 5620",1
4282,1609,1
4283,4667,1
4284,15205,1
4285,34762,1
4286,"27614, 7963",1
4287,28031,1
4288,"27610, 3351",1
4289,22308,1
4290,"27607, 7209",1
4291,"27606, 0000",1
4292,05473,1
4293,41651,1
4294,1611,1
4295,"27713, 2517",1
4296,20777,1
4297,27539,1
4298,"27606, 4882",1
4299,50470,1
4300,05642,1
4301,"27703, 8355",1
4302,14726,1
4303,92834,1
4304,62707,1
4305,"27615, 1459",1
4306,"27609, 4147",1
4307,24201,1
4308,33559,1
4309,"27707, 5296",1
4310,48197,1
4311,77586,1
4312,50431,1
4313,"27614, 9213",1
4314,"27701, 3539",1
4315,61528,1
4316,"27606, 4852",1
4317,"27603, 4175",1
4318,49445,1
4319,27253,1
4320,45732,1
4321,"27614, 7185",1
4322,64119,1
4323,10707,1
4324,49284,1
4325,28081,1
4326,92657,1
4327,31831,1
4328,41739,1
4329,"27705, 1375",1
4330,"27604, 6105",1
4331,63123,1
4332,"27703, 2896",1
4333,78069,1
4334,41839,1
4335,77433,1
4336,"27701, 4420",1
4337,17353,1
4338,77842,1
4339,"27704, 4346",1
4340,3316,1
4341,41777,1
4342,41740,1
4343,37686,1
4344,75662,1
4345,78015,1
4346,15214,1
4347,"27713, 8142",1
4348,45157,1
4349,"27612, 4003",1
4350,95612,1
4351,"27606, 1804",1
4352,"27609, 4160",1
4353,"27613, 7168",1
4354,98489,1
4355,"27713, 8797",1
4356,20763,1
4357,15232,1
4358,41749,1
4359,"07004, 1935",1
4360,97739,1
4361,04901,1
4362,"27606, 4533",1
4363,"27713, 9791",1
4364,"27610, 1624",1
4365,28666,1
4366,28746,1
4367,28164,1
4368,12764,1
4369,"27607, 4176",1
4370,"27712, 9088",1
4371,85087,1
4372,10129,1
4373,"27705, 9124",1
4374,28756,1
4375,44101,1
4376,"27707, 5054",1
4377,98038,1
4378,48860,1
4379,37241,1
4380,49302,1
4381,90630,1
4382,"27613, 8410",1
4383,43830,1
4384,94305,1
4385,94559,1
4386,11697,1
4387,14887,1
4388,"27713, 9677",1
4389,34698,1
4390,"27713, 4509",1
4391,41647,1
4392,"27707, 4206",1
4393,41831,1
4394,44405,1
4395,61736,1
4396,92683,1
4397,"07004, 2116",1
4398,77575,1
4399,"27603, 1994",1
4400,28201,1
4401,75757,1
4402,"27703, 2540",1
4403,"27609, 6357",1
4404,"27713, 9382",1
4405,90058,1
4406,14616,1
4407,"27614, 8755",1
4408,95035,1
4409,76559,1
4410,"27603, 2692",1
4411,"27704, 5164",1
4412,"27705, 3261",1
4413,"27601, 1443",1
4414,"27703, 7978",1
4415,331446,1
4416,"27615, 5438",1
4417,79942,1
4418,14752,1
4419,"27605, 1285",1
4420,"27604, 6000",1
4421,20876,1
4422,41645,1
4423,93606,1
4424,32073,1
4425,"27607, 6632",1
4426,77866,1
4427,"27615, 4193",1
4428,64146,1
4429,35958,1
4430,75453,1
4431,75407,1
4432,"27703, 7721",1
4433,28103,1
4434,92415,1
4435,41666,1
4436,78539,1
4437,"27609, 3927",1
4438,5874,1
4439,"27707, 9808",1
4440,"27615, 6304",1
4441,94587,1
4442,95616,1
4443,78572,1
4444,24646,1
4445,"27609, 6352",1
4446,"27603, 2161",1
4447,"27608, 1911",1
4448,"27613, 6945",1
4449,45432,1
4450,90303,1
4451,95202,1
4452,"27703, 6483",1
4453,"27601, 2737",1
4454,28144,1
4455,12207,1
4456,22703,1
4457,63130,1
4458,"27613, 1450",1
4459,"27608, 1466",1
4460,48505,1
4461,81023,1
4462,20853,1
4463,61761,1
4464,90278,1
4465,60426,1
4466,43766,1
4467,97759,1
4468,"27701, 4419",1
4469,"27612, 5442",1
4470,77369,1
4471,22039,1
4472,75771,1
4473,28574,1
4474,5453,1
4475,"27604, 6905",1
4476,77351,1
4477,"27613, 6949",1
4478,20695,1
4479,"27614, 9829",1
4480,78112,1
4481,61008,1
4482,41822,1
4483,84044,1
4484,"07004, 1809",1
4485,"27610, 2861",1
4486,14785,1
4487,78065,1
4488,"27707, 4238",1
4489,76537,1
4490,95113,1
4491,"27617, 7891",1
4492,44302,1
4493,"27603, 43",1
4494,"27713, 8821",1
4495,1103,1
4496,10583,1
4497,64163,1
4498,"27713, 6702",1
4499,"27604, 3469",1
4500,"27612, 4911",1
4501,75152,1
4502,81069,1
4503,"27609, 7611",1
4504,28429,1
4505,14203,1
4506,79401,1
4507,"27613, 4042",1
4508,77510,1
4509,96087,1
4510,05472,1
4511,76247,1
4512,76087,1
4513,90814,1
4514,43604,1
4515,5477,1
4516,"27608, 1822",1
4517,05345,1
4518,"27610, 4637",1
4519,41759,1
4520,"27617, 7934",1
4521,"27603, 3986",1
4522,50439,1
4523,"27608, 1026",1
4524,89504,1
4525,"27615, 8009",1
4526,15342,1
4527,"27614, 8380",1
4528,47901,1
4529,"27603, 5569",1
4530,"27705, 3530",1
4531,60532,1
4532,37014,1
4533,"27613, 8607",1
4534,76503,1
4535,32135,1
4536,112229,1
4537,45203,1
4538,15207,1
4539,"27603, 5352",1
4540,78408,1
4541,37055,1
4542,"27612, 2605",1
4543,20855,1
4544,"27613, 4237",1
4545,43054,1
4546,41630,1
4547,"27615, 3709",1
4548,64015,1
